/p/reading-your-work-out-loud/   /blog/reading-your-work-out-loud/             301
/p/focus  /blog/focus  301
/p/tenacity  /blog/tenacity/  301
/p/how-i-edit-my-manuscripts  /blog/how-i-edit-my-manuscripts  301
/p/avoiding-stereotypes-when-writing  /blog/avoiding-stereotypes-when-writing  301
/p/the-name-game  /blog/the-name-game  301
